user,date
user_50,2023-01-01
user_28,2023-01-01
user_27,2023-01-01
user_50,2023-01-01
user_3,2023-01-01
user_13,2023-01-01
user_21,2023-01-01
user_29,2023-01-01
user_29,2023-01-01
user_3,2023-01-02
user_13,2023-01-02
user_16,2023-01-02
user_15,2023-01-02
user_21,2023-01-02
user_27,2023-01-02
user_21,2023-01-02
user_4,2023-01-02
user_22,2023-01-02
user_7,2023-01-02
user_28,2023-01-02
user_0,2023-01-03
user_17,2023-01-03
user_15,2023-01-03
user_15,2023-01-03
user_23,2023-01-03
user_24,2023-01-03
user_22,2023-01-04
user_5,2023-01-04
user_4,2023-01-04
user_23,2023-01-04
user_17,2023-01-04
user_14,2023-01-05
user_19,2023-01-05
user_23,2023-01-05
user_8,2023-01-05
user_6,2023-01-05
user_5,2023-01-05
user_29,2023-01-05
user_14,2023-01-05
user_21,2023-01-05
user_29,2023-01-06
user_9,2023-01-06
user_19,2023-01-06
user_18,2023-01-06
user_16,2023-01-06
user_28,2023-01-06
user_9,2023-01-06
user_0,2023-01-06
user_5,2023-01-06
user_24,2023-01-06
user_7,2023-01-07
user_19,2023-01-07
user_5,2023-01-07
user_2,2023-01-07
user_15,2023-01-07
user_18,2023-01-07
user_24,2023-01-07
user_4,2023-01-08
user_16,2023-01-08
user_19,2023-01-08
user_1,2023-01-08
user_24,2023-01-09
user_27,2023-01-09
user_22,2023-01-09
user_11,2023-01-09
user_11,2023-01-09
user_8,2023-01-09
user_15,2023-01-10
user_12,2023-01-10
user_11,2023-01-10
user_10,2023-01-10
user_22,2023-01-10
user_5,2023-01-10
user_23,2023-01-10
user_22,2023-01-10
user_7,2023-01-11
user_22,2023-01-11
user_4,2023-01-11
user_21,2023-01-11
user_7,2023-01-11
user_27,2023-01-11
user_6,2023-01-11
user_17,2023-01-11
user_14,2023-01-12
user_14,2023-01-12
user_25,2023-01-12
user_7,2023-01-12
user_4,2023-01-12
user_7,2023-01-12
user_6,2023-01-12
user_15,2023-01-13
user_25,2023-01-13
user_26,2023-01-13
user_9,2023-01-13
user_7,2023-01-13
user_7,2023-01-14
user_1,2023-01-14
user_11,2023-01-14
user_12,2023-01-14
user_6,2023-01-14
user_8,2023-01-15
user_8,2023-01-15
user_17,2023-01-15
user_10,2023-01-15
user_2,2023-01-15
user_6,2023-01-15
user_25,2023-01-16
user_27,2023-01-16
user_3,2023-01-16
user_16,2023-01-16
user_11,2023-01-16
user_21,2023-01-16
user_14,2023-01-17
user_26,2023-01-17
user_19,2023-01-17
user_11,2023-01-17
user_16,2023-01-17
user_9,2023-01-17
user_12,2023-01-18
user_1,2023-01-18
user_4,2023-01-18
user_9,2023-01-18
user_17,2023-01-18
user_29,2023-01-18
user_29,2023-01-19
user_28,2023-01-19
user_14,2023-01-19
user_29,2023-01-19
user_6,2023-01-19
user_1,2023-01-19
user_2,2023-01-19
user_3,2023-01-19
user_13,2023-01-20
user_28,2023-01-20
user_1,2023-01-20
user_21,2023-01-20
user_20,2023-01-20
user_20,2023-01-20
user_5,2023-01-21
user_2,2023-01-21
user_22,2023-01-21
user_0,2023-01-21
user_10,2023-01-21
user_20,2023-01-21
user_23,2023-01-21
user_22,2023-01-21
user_26,2023-01-21
user_24,2023-01-21
user_17,2023-01-22
user_25,2023-01-22
user_24,2023-01-22
user_10,2023-01-22
user_22,2023-01-22
user_27,2023-01-22
user_28,2023-01-22
user_12,2023-01-23
user_20,2023-01-23
user_12,2023-01-23
user_21,2023-01-23
user_20,2023-01-23
user_3,2023-01-23
user_14,2023-01-23
user_27,2023-01-23
user_5,2023-01-24
user_18,2023-01-24
user_24,2023-01-24
user_19,2023-01-24
user_15,2023-01-24
user_5,2023-01-25
user_8,2023-01-25
user_8,2023-01-25
user_3,2023-01-25
user_1,2023-01-25
user_6,2023-01-25
user_7,2023-01-25
user_18,2023-01-25
user_14,2023-01-25
user_7,2023-01-25
user_1,2023-01-25
user_14,2023-01-26
user_7,2023-01-26
user_2,2023-01-26
user_10,2023-01-26
user_4,2023-01-26
user_16,2023-01-26
user_1,2023-01-26
user_6,2023-01-26
user_16,2023-01-26
user_8,2023-01-26
user_26,2023-01-27
user_27,2023-01-27
user_15,2023-01-27
user_27,2023-01-27
user_14,2023-01-27
user_15,2023-01-27
user_20,2023-01-27
user_0,2023-01-27
user_0,2023-01-27
user_16,2023-01-28
user_13,2023-01-28
user_21,2023-01-28
user_25,2023-01-28
user_19,2023-01-28
user_20,2023-01-28
user_16,2023-01-28
user_16,2023-01-29
user_18,2023-01-29
user_10,2023-01-29
user_28,2023-01-29
user_12,2023-01-29
user_10,2023-01-29
user_1,2023-01-29
user_16,2023-01-30
user_8,2023-01-30
user_2,2023-01-30
user_1,2023-01-30
user_27,2023-01-30
user_24,2023-01-30
user_4,2023-01-31
user_9,2023-01-31
user_25,2023-01-31
user_5,2023-01-31
user_17,2023-01-31
user_9,2023-01-31
user_27,2023-01-31
user_2,2023-01-31
user_23,2023-01-31
user_21,2023-01-31
user_1,2023-02-01
user_28,2023-02-01
user_26,2023-02-01
user_29,2023-02-01
user_7,2023-02-01
user_7,2023-02-01
user_13,2023-02-01
user_18,2023-02-02
user_21,2023-02-02
user_28,2023-02-02
user_24,2023-02-02
user_6,2023-02-02
user_9,2023-02-02
user_12,2023-02-02
user_23,2023-02-02
user_3,2023-02-02
user_4,2023-02-03
user_16,2023-02-03
user_28,2023-02-03
user_28,2023-02-03
user_9,2023-02-03
user_21,2023-02-03
user_19,2023-02-03
user_12,2023-02-03
user_29,2023-02-04
user_2,2023-02-04
user_24,2023-02-04
user_19,2023-02-04
user_28,2023-02-04
user_1,2023-02-04
user_2,2023-02-05
user_5,2023-02-05
user_17,2023-02-05
user_27,2023-02-05
user_22,2023-02-05
user_23,2023-02-06
user_3,2023-02-06
user_19,2023-02-06
user_11,2023-02-06
user_12,2023-02-06
user_23,2023-02-06
user_27,2023-02-06
user_13,2023-02-07
user_11,2023-02-07
user_27,2023-02-07
user_5,2023-02-07
user_24,2023-02-07
user_26,2023-02-07
user_18,2023-02-07
user_10,2023-02-07
user_16,2023-02-07
user_1,2023-02-08
user_4,2023-02-08
user_3,2023-02-08
user_26,2023-02-08
user_6,2023-02-08
user_20,2023-02-08
user_11,2023-02-08
user_22,2023-02-08
user_5,2023-02-09
user_23,2023-02-09
user_24,2023-02-09
user_18,2023-02-09
user_21,2023-02-09
user_27,2023-02-09
user_21,2023-02-09
user_28,2023-02-09
user_7,2023-02-09
user_8,2023-02-09
user_25,2023-02-10
user_29,2023-02-10
user_29,2023-02-10
user_8,2023-02-10
user_18,2023-02-10
user_17,2023-02-10
user_20,2023-02-11
user_10,2023-02-11
user_11,2023-02-11
user_17,2023-02-11
user_13,2023-02-11
user_15,2023-02-11
user_16,2023-02-11
user_20,2023-02-12
user_10,2023-02-12
user_23,2023-02-12
user_28,2023-02-12
user_27,2023-02-12
user_2,2023-02-12
user_13,2023-02-12
user_28,2023-02-12
user_5,2023-02-12
user_26,2023-02-13
user_17,2023-02-13
user_23,2023-02-13
user_0,2023-02-13
user_16,2023-02-13
user_14,2023-02-13
user_19,2023-02-13
user_29,2023-02-14
user_9,2023-02-14
user_17,2023-02-14
user_0,2023-02-14
user_13,2023-02-14
user_28,2023-02-14
user_15,2023-02-15
user_16,2023-02-15
user_2,2023-02-15
user_10,2023-02-15
user_15,2023-02-15
user_2,2023-02-15
user_29,2023-02-15
user_3,2023-02-15
user_8,2023-02-15
user_8,2023-02-15
user_11,2023-02-15
user_13,2023-02-15
user_26,2023-02-16
user_0,2023-02-16
user_10,2023-02-16
user_16,2023-02-16
user_14,2023-02-16
user_14,2023-02-16
user_8,2023-02-16
user_3,2023-02-17
user_9,2023-02-17
user_27,2023-02-17
user_17,2023-02-17
user_6,2023-02-17
user_0,2023-02-17
user_6,2023-02-17
user_7,2023-02-18
user_0,2023-02-18
user_17,2023-02-18
user_0,2023-02-18
user_10,2023-02-19
user_2,2023-02-20
user_16,2023-02-20
user_21,2023-02-20
user_9,2023-02-20
user_25,2023-02-20
user_3,2023-02-20
user_3,2023-02-20
user_8,2023-02-20
user_15,2023-02-20
user_0,2023-02-21
user_22,2023-02-21
user_27,2023-02-21
user_14,2023-02-21
user_0,2023-02-21
user_11,2023-02-21
user_18,2023-02-21
user_22,2023-02-22
user_7,2023-02-22
user_4,2023-02-22
user_17,2023-02-22
user_4,2023-02-22
user_14,2023-02-22
user_6,2023-02-22
user_12,2023-02-22
user_28,2023-02-23
user_13,2023-02-23
user_1,2023-02-23
user_3,2023-02-23
user_4,2023-02-24
user_17,2023-02-24
user_9,2023-02-24
user_4,2023-02-24
user_10,2023-02-24
user_28,2023-02-25
user_15,2023-02-25
user_4,2023-02-25
user_25,2023-02-25
user_2,2023-02-26
user_14,2023-02-26
user_21,2023-02-26
user_1,2023-02-26
user_16,2023-02-26
user_23,2023-02-26
user_1,2023-02-26
user_26,2023-02-26
user_4,2023-02-26
user_2,2023-02-26
user_25,2023-02-27
user_13,2023-02-27
user_0,2023-02-27
user_20,2023-02-27
user_7,2023-02-27
user_5,2023-02-27
user_10,2023-02-27
user_15,2023-02-27
user_15,2023-02-27
user_0,2023-02-28
user_12,2023-02-28
user_26,2023-02-28
user_24,2023-02-28
user_0,2023-02-28
user_7,2023-02-28
user_13,2023-02-28
user_9,2023-03-01
user_2,2023-03-01
user_5,2023-03-01
user_11,2023-03-01
user_13,2023-03-02
user_4,2023-03-02
user_13,2023-03-02
user_26,2023-03-02
user_6,2023-03-03
user_22,2023-03-03
user_4,2023-03-03
user_11,2023-03-03
user_23,2023-03-04
user_13,2023-03-04
user_6,2023-03-04
user_12,2023-03-04
user_22,2023-03-05
user_29,2023-03-05
user_14,2023-03-05
user_0,2023-03-05
user_19,2023-03-05
user_16,2023-03-05
user_15,2023-03-06
user_20,2023-03-06
user_20,2023-03-06
user_16,2023-03-06
user_21,2023-03-06
user_16,2023-03-07
user_21,2023-03-07
user_20,2023-03-07
user_1,2023-03-07
user_18,2023-03-07
user_11,2023-03-07
user_18,2023-03-07
user_9,2023-03-07
user_8,2023-03-08
user_27,2023-03-08
user_20,2023-03-08
user_25,2023-03-08
user_24,2023-03-08
user_25,2023-03-08
user_1,2023-03-08
user_2,2023-03-08
user_17,2023-03-08
user_18,2023-03-08
user_19,2023-03-08
user_8,2023-03-09
user_15,2023-03-09
user_14,2023-03-09
user_29,2023-03-09
user_1,2023-03-09
user_25,2023-03-09
user_19,2023-03-09
user_14,2023-03-09
user_20,2023-03-09
user_3,2023-03-09
user_26,2023-03-10
user_24,2023-03-10
user_9,2023-03-10
user_3,2023-03-10
user_18,2023-03-10
user_5,2023-03-10
user_15,2023-03-10
user_8,2023-03-10
user_29,2023-03-10
user_11,2023-03-10
user_5,2023-03-10
user_5,2023-03-11
user_8,2023-03-11
user_27,2023-03-11
user_29,2023-03-11
user_4,2023-03-11
user_20,2023-03-11
user_7,2023-03-11
user_20,2023-03-11
user_10,2023-03-11
user_18,2023-03-11
user_26,2023-03-11
user_0,2023-03-11
user_0,2023-03-11
user_5,2023-03-11
user_19,2023-03-11
user_17,2023-03-11
user_13,2023-03-11
user_4,2023-03-12
user_28,2023-03-12
user_6,2023-03-12
user_25,2023-03-12
user_2,2023-03-12
user_8,2023-03-12
user_26,2023-03-12
user_9,2023-03-13
user_24,2023-03-13
user_12,2023-03-13
user_19,2023-03-13
user_11,2023-03-13
user_0,2023-03-13
user_29,2023-03-13
user_5,2023-03-13
user_4,2023-03-13
user_29,2023-03-13
user_20,2023-03-13
user_23,2023-03-14
user_23,2023-03-14
user_7,2023-03-14
user_3,2023-03-14
user_10,2023-03-14
user_21,2023-03-15
user_19,2023-03-15
user_14,2023-03-15
user_5,2023-03-15
user_26,2023-03-15
user_10,2023-03-15
user_6,2023-03-15
user_3,2023-03-15
user_7,2023-03-15
user_23,2023-03-16
user_13,2023-03-16
user_13,2023-03-16
user_3,2023-03-16
user_25,2023-03-16
user_3,2023-03-16
user_9,2023-03-16
user_10,2023-03-17
user_29,2023-03-17
user_7,2023-03-17
user_29,2023-03-17
user_0,2023-03-17
user_19,2023-03-17
user_10,2023-03-17
user_22,2023-03-17
user_20,2023-03-18
user_25,2023-03-18
user_24,2023-03-18
user_28,2023-03-18
user_19,2023-03-18
user_16,2023-03-18
user_19,2023-03-19
user_15,2023-03-19
user_10,2023-03-19
user_25,2023-03-19
user_24,2023-03-19
user_1,2023-03-19
user_4,2023-03-20
user_26,2023-03-20
user_0,2023-03-20
user_2,2023-03-20
user_21,2023-03-20
user_19,2023-03-20
user_22,2023-03-20
user_19,2023-03-20
user_20,2023-03-20
user_8,2023-03-21
user_9,2023-03-21
user_0,2023-03-21
user_6,2023-03-21
user_7,2023-03-21
user_15,2023-03-22
user_26,2023-03-22
user_11,2023-03-22
user_23,2023-03-22
user_15,2023-03-23
user_25,2023-03-23
user_18,2023-03-23
user_1,2023-03-23
user_18,2023-03-23
user_3,2023-03-23
user_20,2023-03-24
user_1,2023-03-24
user_6,2023-03-24
user_18,2023-03-24
user_5,2023-03-24
user_16,2023-03-24
user_23,2023-03-24
user_21,2023-03-25
user_29,2023-03-25
user_11,2023-03-25
user_14,2023-03-25
user_19,2023-03-25
user_13,2023-03-25
user_22,2023-03-25
user_20,2023-03-25
user_20,2023-03-26
user_12,2023-03-26
user_8,2023-03-26
user_13,2023-03-26
user_19,2023-03-26
user_11,2023-03-26
user_17,2023-03-26
user_10,2023-03-27
user_14,2023-03-27
user_14,2023-03-27
user_26,2023-03-27
user_8,2023-03-27
user_29,2023-03-27
user_23,2023-03-27
user_23,2023-03-27
user_8,2023-03-27
user_29,2023-03-27
user_8,2023-03-27
user_6,2023-03-27
user_21,2023-03-27
user_7,2023-03-28
user_7,2023-03-28
user_9,2023-03-28
user_7,2023-03-28
user_2,2023-03-29
user_21,2023-03-29
user_8,2023-03-29
user_19,2023-03-29
user_19,2023-03-29
user_21,2023-03-29
user_25,2023-03-30
user_5,2023-03-30
user_2,2023-03-30
user_0,2023-03-30
user_7,2023-03-31
user_22,2023-03-31
user_17,2023-03-31
user_4,2023-03-31
user_15,2023-03-31
user_13,2023-03-31
user_24,2023-04-01
user_13,2023-04-01
user_27,2023-04-01
user_28,2023-04-01
user_25,2023-04-01
user_26,2023-04-01
user_24,2023-04-01
user_25,2023-04-02
user_12,2023-04-02
user_20,2023-04-02
user_20,2023-04-02
user_29,2023-04-02
user_28,2023-04-02
user_1,2023-04-02
user_18,2023-04-02
user_13,2023-04-02
user_9,2023-04-02
user_22,2023-04-02
user_19,2023-04-03
user_1,2023-04-03
user_26,2023-04-03
user_13,2023-04-03
user_19,2023-04-03
user_14,2023-04-03
user_4,2023-04-03
user_7,2023-04-03
user_21,2023-04-03
user_28,2023-04-04
user_20,2023-04-04
user_2,2023-04-04
user_21,2023-04-04
user_4,2023-04-04
user_25,2023-04-04
user_1,2023-04-04
user_16,2023-04-05
user_13,2023-04-05
user_7,2023-04-05
user_27,2023-04-05
user_1,2023-04-05
user_21,2023-04-05
user_12,2023-04-05
user_25,2023-04-05
user_27,2023-04-06
user_6,2023-04-06
user_9,2023-04-06
user_8,2023-04-06
user_0,2023-04-06
user_28,2023-04-06
user_29,2023-04-06
user_19,2023-04-07
user_4,2023-04-07
user_26,2023-04-07
user_14,2023-04-07
user_5,2023-04-07
user_9,2023-04-07
user_26,2023-04-07
user_5,2023-04-07
user_26,2023-04-07
user_10,2023-04-07
user_6,2023-04-07
user_12,2023-04-07
user_4,2023-04-08
user_14,2023-04-08
user_22,2023-04-08
user_1,2023-04-08
user_12,2023-04-08
user_8,2023-04-08
user_4,2023-04-09
user_18,2023-04-09
user_15,2023-04-09
user_2,2023-04-09
user_21,2023-04-09
user_12,2023-04-09
user_27,2023-04-09
user_28,2023-04-10
user_23,2023-04-10
user_12,2023-04-10
user_10,2023-04-10
user_0,2023-04-10
user_28,2023-04-10
user_26,2023-04-10
